id,fecha,zona,jurisdiccion,monto,forma_pago,vehiculo_marca,vehiculo_modelo,vehiculo_anio,dominio,bateria_marca,bateria_codigo,bateria_capacidad_ah
1,2025-11-24,Colegiales,CABA,137000.0,Efectivo,HONDA,ACCORD,2005.0,,WILLARD,425,45.0
2,2025-11-30,Palermo,CABA,147000.0,Efectivo,FIAT,CRONOS,2022.0,,WILLARD,620,65.0
3,2025-11-30,Almagro,CABA,165000.0,Efectivo + Transferencia,PEUGEOT,PARTNER,2016.0,,WILLARD,620,65.0
4,2025-11-30,Colegiales,CABA,125000.0,Transferencia,TOYOTA,ETIOS,2017.0,,SERMAT,55,55.0
5,2025-11-30,Palermo,CABA,165000.0,Transferencia,FORD,KUGA,2017.0,,MOURA,22GD,65.0
6,2025-11-30,Colegiales,CABA,155000.0,Transferencia,FORD,FIESTA,2011.0,,WILLARD,620,65.0
7,2025-12-08,Parque Chacabuco,CABA,163000.0,Transferencia,RENAULT,KANGOO,2012.0,,MOURA,22GD,65.0
8,2025-12-12,Caseros,PBA,160000.0,Transferencia,FORD,ECOSPORT,2011.0,,MOURA,20GD,65.0
9,2025-12-13,Palermo,CABA,160000.0,Transferencia,VW,GOL,2011.0,,MOURA,20GD,65.0
10,2025-12-14,Barracas,CABA,165000.0,Transferencia,CHEVROLET,AVEO,2009.0,,MOURA,20GD,65.0
11,2025-12-17,Villa Devoto,CABA,170000.0,Tarjeta (crédito),CITROEN,PICASSO,2018.0,,MOURA,26HD,75.0
12,2025-12-17,Belgrano,CABA,155000.0,Transferencia,HONDA,HRV,2020.0,,MOURA,22JD,65.0
13,2025-12-25,Boedo,CABA,155000.0,Transferencia,FIAT,CRONOS,2023.0,,WILLARD,620,65.0
14,2025-12-25,San Fernando,PBA,,Tarjeta (paga mañana),FORD,KA,2018.0,,MOURA,20GD,65.0
15,2025-12-28,Villa Raffo,PBA,150000.0,Efectivo,CHEVROLET,ONIX,2019.0,,WILLARD,55,55.0
16,2025-12-28,Balvanera,CABA,115000.0,Transferencia,FIAT,CRONOS,2023.0,,HERBO,,65.0
17,2025-12-28,Parque Chas,CABA,150000.0,Transferencia,HONDA,CIVIC,2018.0,,WILLARD,425,45.0
18,2025-12-28,Boedo,CABA,155000.0,Transferencia,CHEVROLET,ONIX,2019.0,,WILLARD,55,55.0
19,2026-01-04,Flores,CABA,130000.0,Mitad efectivo / mitad transferencia,FIAT,STILO,2008.0,HJJ 488,SERMAT,80,80.0
20,2026-01-04,Belgrano,CABA,166000.0,Transferencia,VW,SURAN,2013.0,NFU 828,MOURA,22GD,65.0
21,2026-01-04,Villa Urquiza,CABA,166000.0,Transferencia,FIAT,PALIO,2017.0,AB 276 YJ,MOURA,22GD,65.0
22,2025-11-24,Colegiales,CABA,137000.0,Efectivo,HONDA,ACCORD,2005.0,,WILLARD,425,45.0
23,2025-11-30,Palermo,CABA,147000.0,Efectivo,FIAT,CRONOS,2022.0,,WILLARD,620,65.0
24,2025-11-30,Almagro,CABA,165000.0,Efectivo + Transferencia,PEUGEOT,PARTNER,2016.0,,WILLARD,620,65.0
25,2025-11-30,Colegiales,CABA,125000.0,Transferencia,TOYOTA,ETIOS,2017.0,,SERMAT,55,55.0
26,2025-11-30,Palermo,CABA,165000.0,Transferencia,FORD,KUGA,2017.0,,MOURA,22GD,65.0
27,2025-11-30,Colegiales,CABA,155000.0,Transferencia,FORD,FIESTA,2011.0,,WILLARD,620,65.0
28,2025-12-08,Parque Chacabuco,CABA,163000.0,Transferencia,RENAULT,KANGOO,2012.0,,MOURA,22GD,65.0
29,2025-12-12,Caseros,PBA,160000.0,Transferencia,FORD,ECOSPORT,2011.0,,MOURA,20GD,65.0
30,2025-12-13,Palermo,CABA,160000.0,Transferencia,VW,GOL,2011.0,,MOURA,20GD,65.0
31,2025-12-14,Barracas,CABA,165000.0,Transferencia,CHEVROLET,AVEO,2009.0,,MOURA,20GD,65.0
32,2025-12-17,Villa Devoto,CABA,170000.0,Tarjeta (crédito),CITROEN,PICASSO,2018.0,,MOURA,26HD,75.0
33,2025-12-17,Belgrano,CABA,155000.0,Transferencia,HONDA,HRV,2020.0,,MOURA,22JD,65.0
34,2025-12-25,Boedo,CABA,155000.0,Transferencia,FIAT,CRONOS,2023.0,,WILLARD,620,65.0
35,2025-12-25,San Fernando,PBA,,Tarjeta (paga mañana),FORD,KA,2018.0,,MOURA,20GD,65.0
36,2025-12-28,Villa Raffo,PBA,150000.0,Efectivo,CHEVROLET,ONIX,2019.0,,WILLARD,55,55.0
37,2025-12-28,Balvanera,CABA,115000.0,Transferencia,FIAT,CRONOS,2023.0,,HERBO,,65.0
38,2025-12-28,Parque Chas,CABA,150000.0,Transferencia,HONDA,CIVIC,2018.0,,WILLARD,425,45.0
39,2025-12-28,Boedo,CABA,155000.0,Transferencia,CHEVROLET,ONIX,2019.0,,WILLARD,55,55.0
40,2026-01-04,Flores,CABA,130000.0,Mitad efectivo / mitad transferencia,FIAT,STILO,2008.0,HJJ 488,SERMAT,80,80.0
41,2026-01-04,Belgrano,CABA,166000.0,Transferencia,VW,SURAN,2013.0,NFU 828,MOURA,22GD,65.0
42,2026-01-04,Villa Urquiza,CABA,166000.0,Transferencia,FIAT,PALIO,2017.0,AB 276 YJ,MOURA,22GD,65.0
43,2025-11-23,Villa Crespo,CABA,137000.0,Efectivo,HONDA,,2005.0,,WILLARD,425,45.0
44,2025-11-30,Palermo,CABA,147000.0,Efectivo,FIAT,,2022.0,,WILLARD,620,65.0
45,2025-11-30,Almagro,CABA,165000.0,Efectivo + Transferencia,PEUGEOT,PARTNER,2016.0,,WILLARD,620,65.0
46,2025-11-30,Colegiales,CABA,125000.0,Transferencia,TOYOTA,ETIOS,2017.0,,SERMAT,55,55.0
47,2025-11-30,Palermo,CABA,165000.0,Transferencia,FORD,KUGA,2017.0,,MOURA,22GD,65.0
48,2025-11-30,Colegiales,CABA,155000.0,Transferencia,FORD,FIESTA,2011.0,,WILLARD,620,65.0
49,2025-12-08,Parque Chacabuco,CABA,163000.0,Transferencia,RENAULT,KANGOO,2012.0,,MOURA,22GD,65.0
50,2025-12-12,Caseros,PBA,160000.0,Transferencia,FORD,ECOSPORT,2011.0,,MOURA,20GD,65.0
51,2025-12-13,Palermo,CABA,160000.0,Transferencia,VW,GOL,2011.0,,MOURA,20GD,65.0
52,2025-12-14,Barracas,CABA,165000.0,Transferencia,CHEVROLET,AVEO,2009.0,,MOURA,20GD,65.0
53,2025-12-17,Villa Devoto,CABA,170000.0,Tarjeta (crédito),CITROEN,PICASSO,2018.0,,MOURA,26HD,75.0
54,2025-12-17,Belgrano,CABA,155000.0,Transferencia,HONDA,HRV,2020.0,,MOURA,22JD,65.0
55,2025-12-25,Boedo,CABA,155000.0,Transferencia,FIAT,CRONOS,2023.0,,WILLARD,620,65.0
56,2025-12-25,San Fernando,PBA,,Tarjeta (paga mañana),FORD,KA,2018.0,,MOURA,20GD,65.0
57,2025-12-28,Villa Raffo,PBA,150000.0,Efectivo,CHEVROLET,ONIX,2019.0,,WILLARD,55,55.0
58,2025-12-28,Balvanera,CABA,115000.0,Transferencia,FIAT,CRONOS,2023.0,,HERBO,,65.0
59,2025-12-28,Parque Chas,CABA,150000.0,Transferencia,HONDA,CIVIC,2018.0,,WILLARD,425,45.0
60,2025-11-24,Colegiales,CABA,137000.0,Efectivo,HONDA,ACCORD,2005.0,,,,
61,2025-11-30,Palermo,CABA,147000.0,Efectivo,FIAT,,2022.0,,,,
62,2025-11-30,Almagro,CABA,165000.0,Efectivo + Transferencia,PEUGEOT,PARTNER,2016.0,,,,
63,2025-11-30,Colegiales,CABA,125000.0,Transferencia,TOYOTA,ETIOS,2017.0,,,,
64,2025-11-30,Palermo,CABA,165000.0,Transferencia,FORD,KUGA,2017.0,,,,
65,2025-11-30,Colegiales,CABA,155000.0,Transferencia,FORD,FIESTA,2011.0,,,,
66,2025-12-08,Parque Chacabuco,CABA,163000.0,Transferencia,RENAULT,KANGOO,2012.0,,,,
67,2025-12-12,Caseros,PBA,160000.0,Transferencia,FORD,ECOSPORT,2011.0,,,,
68,2025-12-13,Palermo,CABA,160000.0,Transferencia,VW,GOL,2011.0,,,,
69,2025-12-14,Barracas,CABA,165000.0,Transferencia,CHEVROLET,AVEO,2009.0,,,,
70,2025-12-17,Villa Devoto,CABA,170000.0,Tarjeta (crédito),CITROEN,PICASSO,2018.0,,,,
71,2025-12-17,Belgrano,CABA,155000.0,Transferencia,HONDA,HRV,2020.0,,,,
72,2025-12-25,Boedo,CABA,155000.0,Transferencia,FIAT,CRONOS,2023.0,,,,
73,2025-12-25,San Fernando,PBA,,Tarjeta (paga mañana),FORD,KA,2018.0,,,,
74,2025-12-28,Villa Raffo,PBA,150000.0,Efectivo,CHEVROLET,ONIX,2019.0,,,,
75,2025-12-28,Balvanera,CABA,115000.0,Transferencia,FIAT,CRONOS,2023.0,,,,
76,2025-12-28,Parque Chas,CABA,150000.0,Transferencia,HONDA,CIVIC,2018.0,,,,
77,2025-12-28,Boedo,CABA,155000.0,Transferencia,CHEVROLET,ONIX,2019.0,,,,
78,2026-01-04,Flores,CABA,130000.0,Efectivo + Transferencia,FIAT,STILO,2008.0,HJJ 488,SERMAT,80,80.0
79,2026-01-04,Belgrano,CABA,166000.0,Transferencia,VW,SURAN,2013.0,NFU 828,MOURA,22GD,65.0
80,2026-01-04,Villa Urquiza,CABA,166000.0,Transferencia,FIAT,PALIO,2017.0,AB 276 YJ,MOURA,22GD,65.0
143,2025-02-08,,,155000.0,Transferencia,Desconocido,,,,Moura,M30LD,12.0
144,2025-02-08,,,155000.0,Efectivo,Renault,Sandero,,,Moura,M20GD,12.0
145,2025-02-09,,,155000.0,Efectivo,Volkswagen,Gol,,,Moura,M22GD,12.0
146,2025-02-10,,,155000.0,Transferencia,Fiat,Cronos,,,Moura,M20GD,12.0
147,2025-02-10,,,155000.0,Transferencia,Honda,Civic,,,Moura,M22JD,12.0
148,2025-02-10,,,155000.0,Transferencia,Volkswagen,Golf,,,Moura,M24KD,12.0
149,2025-02-12,,,155000.0,Efectivo,Desconocido,,,,Moura,M22GD,12.0
150,2025-02-15,,,155000.0,Efectivo,Fiat,Argo,,,Moura,M26AD,12.0
151,2025-02-15,,,155000.0,Transferencia,Meriva,,,,Moura,M26AD,12.0
152,2025-02-15,,,155000.0,Transferencia,Renault,Duster,,,Moura,M24KD,12.0
153,2025-02-15,,,155000.0,Efectivo,Toyota,Etios,,,Moura,M26AD,12.0
154,2025-02-16,,,155000.0,Efectivo,Moura,22ED*,,,Moura,MRecarga,12.0
155,2025-02-20,,,155000.0,Transferencia,Cirocco,,,,Moura,M30LD,12.0
156,2025-02-22,,,155000.0,Efectivo,Desconocido,,,,Moura,M30LD,12.0
157,2025-02-23,,,155000.0,Efectivo,Jeep,Renegade,,,Moura,M30LD,12.0
158,2025-02-25,,,155000.0,Transferencia,Toyota,Etios,,,Moura,M22ED,12.0
159,2025-02-27,,,155000.0,Transferencia,Honda,Fit,,,Moura,M18SD,12.0
160,2025-02-27,,,155000.0,Efectivo,Partner,,,,Moura,M26AD,12.0
161,2025-02-27,,,155000.0,Transferencia,Renault,Sandero,,,Moura,M20GD,12.0
162,2025-02-28,,,155000.0,Transferencia,Ford,Ka,,,Moura,M20GD,12.0
163,2025-02-28,,,155000.0,Efectivo,Vento,,,,Moura,M26AD,12.0
164,2025-03-01,,,155000.0,Transferencia,Peugeot,208,,,Moura,M26AD,12.0
165,2025-03-01,,,155000.0,Transferencia,Toyota,Corolla,,,Moura,M22GD,12.0
166,2025-03-02,,,155000.0,Efectivo,Renault,Sandero,,,Moura,M20GD,12.0
167,2025-03-03,,,155000.0,Efectivo,Ford,Focus,,,Moura,M20GD,12.0
168,2025-03-03,,,155000.0,Transferencia,Renault,Sandero,,,Moura,M22GD,12.0
169,2025-03-04,,,155000.0,Transferencia,Jetour,x70,,,Moura,M22GD,12.0
170,2025-03-04,,,155000.0,Transferencia,Moura,22JD,,,Moura,MHondacivic2012,12.0
171,2025-03-04,,,155000.0,Transferencia,Toyota,Hilux,,,Moura,M26AD,12.0
172,2025-03-05,,,155000.0,Transferencia,Desconocido,,,,Moura,M20GD,12.0
173,2025-03-05,,,155000.0,Transferencia,Ford,Fiesta,,,Moura,M20GD,12.0
174,2025-03-05,,,155000.0,Efectivo,Volkswagen,Gol,,,Moura,M22GD,12.0
175,2025-03-06,,,155000.0,Transferencia,Renault,Clio,,,Moura,M20GD,12.0
176,2025-03-06,,,155000.0,Transferencia,Renault,Sandero,,,Moura,M20GD,12.0
177,2025-03-08,,,155000.0,Transferencia,Citroen,Picasso,,,Moura,M26AD,12.0
178,2025-03-08,,,155000.0,Transferencia,Fiat,Cronos,,,Moura,M22ED,12.0
179,2025-03-09,,,155000.0,Efectivo,Ford,100,,,Moura,M30LD,12.0
180,2025-03-09,,,155000.0,Transferencia,Ford,Focus,,,Moura,M20GD,12.0
181,2025-03-09,,,155000.0,Transferencia,Jeep,Renegade,,,Moura,M24KD,12.0
182,2025-03-09,,,155000.0,Transferencia,Suzuki,Fun,,,Moura,M20GD,12.0
183,2025-03-09,,,155000.0,Efectivo,Volkswagen,Amarok,,,Moura,M30LD,12.0
184,2025-03-10,,,155000.0,Transferencia,Fiat,Spazio,,,Moura,M20GD,12.0
185,2025-03-10,,,155000.0,Transferencia,Peugeot,208,,,Moura,M20GD,12.0
186,2025-03-12,,,155000.0,Efectivo,Ford,Fiesta,,,Moura,M26AD,12.0
187,2025-03-12,,,155000.0,Transferencia,Kangoo,2022,,,Moura,M22GD,12.0
188,2025-03-12,,,155000.0,Desconocido,Vento,,,,Moura,M26AD,12.0
189,2025-03-13,,,155000.0,Transferencia,Fiat,Toro,,,Moura,M30LD,12.0
190,2025-03-13,,,155000.0,Efectivo,Jeep,Renegade,,,Moura,M30LD,12.0
191,2025-03-14,,,155000.0,Transferencia,Desconocido,,,,Moura,M20GD,12.0
192,2025-03-14,,,155000.0,Transferencia,Ford,Focus,,,Moura,M20GD,12.0
193,2025-03-15,,,155000.0,Transferencia,en,mano*,,,Moura,M30LD,12.0
194,2025-03-15,,,155000.0,Transferencia,Jeep,Renegade,,,Moura,M24KD,12.0
195,2025-03-15,,,155000.0,Efectivo,Mercedez,Benz,,,Moura,M30LD,12.0
196,2025-03-16,,,155000.0,Transferencia,Citroen,C3,,,Moura,M20GD,12.0
197,2025-03-17,,,155000.0,Transferencia,Fiat,500,,,Moura,M26AD?,12.0
198,2025-03-17,,,155000.0,Transferencia,Toyota,Etios,,,Moura,M22ED,12.0
199,2025-03-18,,,155000.0,Transferencia,Ford,Focus,,,Moura,M20GD,12.0
200,2025-03-19,,,155000.0,Transferencia,Fiorino,,,,Moura,M22GD,12.0
201,2025-03-20,,,155000.0,Transferencia,Ford,Ecosport,,,Moura,M20GD,12.0
202,2025-03-22,,,155000.0,Efectivo,Honda,Crv,,,Moura,M22JD,12.0
203,2025-03-22,,,155000.0,Transferencia,Moura,20GD,,,Moura,MFiatCronos2021,12.0
204,2025-03-22,,,155000.0,Efectivo,Moura,20GD,,,Moura,MHondaAccord,12.0
205,2025-03-23,,,155000.0,Transferencia,Moura,22JD,,,Moura,MHrv,12.0
206,2025-03-24,,,155000.0,Transferencia,Moura,22ED,,,Moura,MChevroletCelta,12.0
207,2025-03-25,,,155000.0,Transferencia,Moura,22GD,,,Moura,MCitroenCElysee,12.0
208,2025-03-25,,,155000.0,Efectivo,Moura,24KD,,,Moura,MVolkswagenGolf,12.0
209,2025-03-26,,,155000.0,Transferencia,Moura,22GD,,,Moura,MEcosport2013,12.0
210,2025-03-26,,,155000.0,Desconocido,Moura,26AD,,,Moura,MGolCountry,12.0
211,2025-03-27,,,155000.0,Transferencia,Moura,20GD,,,Moura,MPeugeot207,12.0
212,2025-03-28,,,155000.0,Transferencia,Moura,20GD,,,Moura,MFordKa,12.0
213,2025-03-29,,,155000.0,Transferencia,Moura,18FD,,,Moura,MVwPolo,12.0
214,2025-03-29,,,155000.0,Transferencia,Moura,30LD,,,Moura,MJeepCompass,12.0
215,2025-03-30,,,155000.0,Transferencia,Moura,22GD,,,Moura,MFistpuntoGNC,12.0
216,2025-03-31,,,155000.0,Transferencia,Moura,20GD,,,Moura,MCorsaClassic,12.0
217,2025-03-31,,,155000.0,Transferencia,Moura,30LD,,,Moura,MGolf,12.0
218,2025-04-01,,,155000.0,Transferencia,Moura,22ED,,,Moura,MToyoraEtios,12.0
219,2025-04-03,,,155000.0,Efectivo,Moura,18SD,,,Moura,MHondaFit,12.0
220,2025-04-03,,,155000.0,Transferencia,Moura,20GD,,,Moura,MPeugeot206,12.0
221,2025-04-03,,,155000.0,Efectivo,Moura,22GD,,,Moura,MKangooSteewaydiesel,12.0
222,2025-04-03,,,155000.0,Efectivo,Moura,30LD,,,Moura,MMercedesGLA250,12.0
223,2025-04-04,,,155000.0,Transferencia,Moura,22ED,,,Moura,MChevroletCobalt,12.0
224,2025-04-04,,,155000.0,Transferencia,Moura,26AD,,,Moura,MEcosport,12.0
225,2025-04-04,,,155000.0,Transferencia,Moura,30LD?,,,Moura,MJeepRenegade,12.0
226,2025-04-04,,,155000.0,Efectivo,Moura,40Fd,,,Moura,MGuemesbrasilero,12.0
227,2025-04-05,,,155000.0,Efectivo,Moura,18FD,,,Moura,MFiesta2007,12.0
228,2025-04-05,,,155000.0,Efectivo,Moura,18FD,,,Moura,MTcross2024,12.0
229,2025-04-05,,,155000.0,Efectivo,Moura,18SD,,,Moura,MHondaFitEDITH,12.0
230,2025-04-05,,,155000.0,Efectivo,Moura,20GD,,,Moura,MCitroenGrandPicasso2010,12.0
231,2025-04-05,,,155000.0,Transferencia,Moura,20GD,,,Moura,MFiatCronos,12.0
232,2025-04-05,,,155000.0,Transferencia,Moura,20GD,,,Moura,MGoltrend,12.0
233,2025-04-05,,,155000.0,Efectivo,Moura,20GD,,,Moura,MGolTrend2013,12.0
234,2025-04-05,,,155000.0,Transferencia,Moura,20GD,,,Moura,MSiena,12.0
235,2025-04-05,,,155000.0,Efectivo,Moura,22ED,,,Moura,MToyotaCorolla,12.0
236,2025-04-05,,,155000.0,Efectivo,Moura,26AD,,,Moura,MBora1.8T,12.0
237,2025-04-06,,,155000.0,Efectivo,Moura,20GD,,,Moura,MFiestaKinetic,12.0
238,2025-04-07,,,155000.0,Efectivo,Moura,22GD,,,Moura,MSandero,12.0
239,2025-04-07,,,155000.0,Efectivo,Moura,22GD,,,Moura,MSandero2018,12.0
240,2025-04-08,,,155000.0,Efectivo,Moura,30LD,,,Moura,MAmarok,12.0
241,2025-04-09,,,155000.0,Efectivo,Moura,20GD,,,Moura,MFiatPalioAdventure,12.0
242,2025-04-09,,,155000.0,Transferencia,Moura,20GD,,,Moura,MFordFiesta,12.0
243,2025-04-09,,,155000.0,Transferencia,Moura,26AD,,,Moura,MPalioGNC,12.0
244,2025-04-10,,,155000.0,Efectivo,Moura,20GD,,,Moura,MPalio,12.0
245,2025-04-10,,,155000.0,Efectivo,Moura,22GD,,,Moura,MSandero2021,12.0
246,2025-04-10,,,155000.0,Efectivo,Moura,30LD,,,Moura,MGolf,12.0
247,2025-04-11,,,155000.0,Transferencia,Moura,,,,Moura,MFiesta2007,12.0
248,2025-04-12,,,155000.0,Efectivo,Moura,20GD,,,Moura,M207,12.0
249,2025-04-12,,,155000.0,Efectivo,Moura,24KD,,,Moura,MAudiA3,12.0
250,2025-04-13,,,155000.0,Transferencia,Moura,20GD,,,Moura,MFluence,12.0
251,2025-04-13,,,155000.0,Transferencia,Moura,20GD,,,Moura,MFox2013,12.0
252,2025-04-14,,,155000.0,Efectivo,Moura,90td,,,Moura,MAudiA6,12.0
253,2025-04-15,,,155000.0,Transferencia,Moura,18FD,,,Moura,MChevroletOnix,12.0
254,2025-04-16,,,155000.0,Desconocido,Moura,22ED,,,Moura,MEtios,12.0
255,2025-04-16,,,310000.0,Efectivo,Moura,22ED,,,Moura,MPolo,12.0
256,2025-04-17,,,155000.0,Efectivo,Moura,20GD,,,Moura,MFiatCronos,12.0
257,2025-04-18,,,155000.0,Transferencia,Moura,26AD,,,Moura,MCitroenXsara,12.0
258,2025-04-19,,,155000.0,Efectivo,Moura,20GD,,,Moura,MVolkswagen,12.0
259,2025-04-19,,,155000.0,Efectivo,Moura,22ED,,,Moura,MTCross,12.0
260,2025-04-19,,,155000.0,Transferencia,Moura,22GD,,,Moura,MCitroenCactus,12.0
261,2025-04-20,,,155000.0,Efectivo,Moura,22JD,,,Moura,MHondaCivic,12.0
262,2025-04-23,,,155000.0,Transferencia,Moura,24KD,,,Moura,MDuster,12.0
263,2025-04-23,,,155000.0,Efectivo,Moura,26AD,,,Moura,MCitroenC4,12.0
264,2025-04-25,,,155000.0,Efectivo,Moura,20GD,,,Moura,MPeugeot307,12.0
265,2025-04-25,,,155000.0,Efectivo,Moura,22ED,,,Moura,MChevroletOnix,12.0
266,2025-04-26,,,155000.0,Efectivo,Moura,20GD,,,Moura,MNissanSentra2012,12.0
267,2025-04-26,,,155000.0,Transferencia,Moura,22GD,,,Moura,MCitroenc4picasso,12.0
268,2025-04-26,,,155000.0,Efectivo,Moura,22GD,,,Moura,MFocus,12.0
269,2025-04-26,,,155000.0,Efectivo,Moura,22GD,,,Moura,MNissanNote2015,12.0
270,2025-04-28,,,155000.0,Transferencia,Moura,22ED,,,Moura,MEtios,12.0
271,2025-04-28,,,155000.0,Efectivo,Moura,26AD,,,Moura,MVento2017,12.0
272,2025-04-29,,,155000.0,Transferencia,Moura,20GD,,,Moura,MGolPower,12.0
273,2025-04-29,,,155000.0,Efectivo,Moura,20GD,,,Moura,MVolkswagenUp,12.0
274,2025-04-30,,,155000.0,Transferencia,Moura,20GD,,,Moura,MPeugeot207,12.0
275,2025-04-30,,,155000.0,Transferencia,Moura,20GD,,,Moura,MSandero,12.0
276,2025-04-30,,,155000.0,Efectivo,Moura,22ED,,,Moura,MCorolla,12.0
277,2025-04-30,,,155000.0,Desconocido,Moura,26AD,,,Moura,MCitroenDS3,12.0
278,2025-05-04,,,155000.0,Transferencia,Moura,22GD,,,Moura,MEcoSportEcoSport2019,12.0
279,2025-05-05,,,155000.0,Transferencia,Moura,22GD,,,Moura,MCitroenc4CACTUS,12.0
280,2025-05-05,,,155000.0,Efectivo,Moura,24KD,,,Moura,MRenaultDuster,12.0
281,2025-05-05,,,155000.0,Desconocido,Moura,40Fd,,,Moura,MToyotaEtios,12.0
282,2025-05-06,,,155000.0,Transferencia,Moura,20GD,,,Moura,MKangooNafta2010,12.0
283,2025-05-06,,,155000.0,Transferencia,Moura,20GD,,,Moura,MNewBeatle2014,12.0
284,2025-05-07,,,155000.0,Efectivo,Moura,22GD,,,Moura,MPeugeotPartner,12.0
285,2025-05-07,,,155000.0,Transferencia,Moura,40Fd,,,Moura,MChevroletPrisma,12.0
286,2025-05-08,,,155000.0,Transferencia,Moura,20GD,,,Moura,MPartnernafta,12.0
287,2025-05-08,,,155000.0,Efectivo,Moura,22GD,,,Moura,MPeugeot308,12.0
288,2025-05-08,,,155000.0,Efectivo,Moura,30LD,,,Moura,MGolf,12.0
289,2025-05-10,,,155000.0,Transferencia,Moura,20GD,,,Moura,MSandero,12.0
290,2025-05-11,,,155000.0,Transferencia,Moura,20GD,,,Moura,MFiestaKinetic2018,12.0
291,2025-05-11,,,155000.0,Transferencia,Moura,22ED,,,Moura,MChevroletOnix,12.0
292,2025-05-11,,,155000.0,Transferencia,Moura,22GD,,,Moura,MEcosport2013,12.0
293,2025-05-11,,,155000.0,Efectivo,Moura,26AD,,,Moura,MPeugeot308,12.0
294,2025-05-12,,,155000.0,Transferencia,Moura,20GD,,,Moura,MKia2024,12.0
295,2025-05-13,,,155000.0,Efectivo,Moura,18SD,,,Moura,MHondaFit2012,12.0
296,2025-05-13,,,155000.0,Efectivo,Moura,22GD,,,Moura,MPeugeot3008,12.0
297,2025-05-13,,,155000.0,Transferencia,Moura,26AD,,,Moura,MFiatCronos,12.0
298,2025-05-14,,,155000.0,Transferencia,Moura,22ED,,,Moura,MNivus,12.0
299,2025-05-14,,,155000.0,Transferencia,Moura,22GD,,,Moura,MGoltrend,12.0
300,2025-05-14,,,155000.0,Efectivo,Moura,24KD,,,Moura,MAmarok,12.0
301,2025-05-14,,,155000.0,Transferencia,Moura,40Fd,,,Moura,MFiesta2008,12.0
302,2025-05-15,,,155000.0,Efectivo,Moura,20GD,,,Moura,MGoltrend,12.0
303,2025-05-15,,,155000.0,Transferencia,Moura,20GD,,,Moura,MPeugeot2009,12.0
304,2025-05-15,,,155000.0,Efectivo,Moura,22GD,,,Moura,MKangoognc,12.0
305,2025-05-16,,,155000.0,Efectivo,Moura,20GD,,,Moura,MPeugeot208,12.0
306,2025-05-16,,,155000.0,Desconocido,Moura,22ED,,,Moura,MChevroletOnix,12.0
307,2025-05-16,,,155000.0,Efectivo,Moura,22ED,,,Moura,MToyotaYaris,12.0
308,2025-05-16,,,155000.0,Efectivo,Moura,30LD,,,Moura,MFiatToro,12.0
309,2025-05-17,,,155000.0,Efectivo,Moura,22GD,,,Moura,MNissanCentra,12.0
310,2025-05-18,,,155000.0,Transferencia,Moura,20GD,,,Moura,MFiat500,12.0
311,2025-05-18,,,155000.0,Transferencia,Moura,22ED,,,Moura,MCorolla2020,12.0
312,2025-05-18,,,155000.0,Transferencia,Moura,22GD,,,Moura,MBerlingognc,12.0
313,2025-05-19,,,155000.0,Transferencia,Moura,20GD,,,Moura,MFiestakinetic2013,12.0
314,2025-05-19,,,155000.0,Transferencia,Moura,20GD,,,Moura,MPeugeot2062005,12.0
315,2025-05-19,,,155000.0,Transferencia,Moura,22GD,,,Moura,MRenaultSanderoGNC,12.0
316,2025-05-20,,,155000.0,Transferencia,Moura,22ED,,,Moura,MEtios2014,12.0
317,2025-05-20,,,155000.0,Efectivo,Moura,22ED,,,Moura,MFordKa2006,12.0
318,2025-05-20,,,155000.0,Efectivo,Moura,22GD,,,Moura,MFiatCronos,12.0
319,2025-05-20,,,155000.0,Transferencia,Moura,22GD,,,Moura,MPeugeot208,12.0
320,2025-05-23,,,155000.0,Transferencia,Moura,22ED,,,Moura,MToyotaCorolla,12.0
321,2025-05-24,,,155000.0,Efectivo,Moura,22ED,,,Moura,MChevroletSpinManual,12.0
322,2025-05-25,,,155000.0,Transferencia,Moura,18FD,,,Moura,MChevroletPrismaJoy,12.0
323,2025-05-25,,,155000.0,Efectivo,Moura,40Fd,,,Moura,MEcosport2009,12.0
324,2025-05-27,,,155000.0,Transferencia,Moura,18SD,,,Moura,MHondaFit2009,12.0
325,2025-05-29,,,155000.0,Transferencia,Moura,20GD,,,Moura,MChevroletAstra,12.0
326,2025-05-29,,,155000.0,Transferencia,Moura,20GD,,,Moura,MLogan,12.0
327,2025-05-30,,,155000.0,Transferencia,Moura,22ED,,,Moura,MPolo2017,12.0
328,2025-05-30,,,155000.0,Efectivo,Moura,30LD,,,Moura,MToyotaSW42019,12.0
329,2025-05-30,,,155000.0,Transferencia,Moura,40Fd,,,Moura,MFordKa2012FlyPlus,12.0
330,2025-05-31,,,155000.0,Efectivo,Moura,22ED,,,Moura,MTCross,12.0
331,2025-05-31,,,155000.0,Transferencia,Moura,22GD,,,Moura,MFoxGNC,12.0
332,2025-05-31,,,155000.0,Transferencia,Moura,24KD,,,Moura,MVolkswagenvento,12.0
333,2025-05-31,,,155000.0,Efectivo,Moura,26AD,,,Moura,MBora,12.0
334,2025-06-01,,,155000.0,Transferencia,Moura,20GD,,,Moura,MRenaultKangoo2022,12.0
335,2025-06-01,,,155000.0,Transferencia,Moura,22GD,,,Moura,MEcosport2015GNC,12.0
336,2025-06-01,,,155000.0,Transferencia,Moura,22GD,,,Moura,MPeugeot308,12.0
337,2025-06-01,,,155000.0,Transferencia,Moura,22JD,,,Moura,MHondawrv,12.0
338,2025-06-02,,,155000.0,Transferencia,Moura,20GD,,,Moura,MSuran2016,12.0
339,2025-06-02,,,155000.0,Efectivo,Moura,22GD,,,Moura,MTracker,12.0
340,2025-06-02,,,155000.0,Efectivo,Moura,26AD,,,Moura,MDusterOroch,12.0
341,2025-06-04,,,155000.0,Efectivo,Moura,22ED,,,Moura,MOnixJoy2016,12.0
342,2025-06-04,,,155000.0,Efectivo,Moura,22GD,,,Moura,MFiatUno,12.0
343,2025-06-05,,,155000.0,Transferencia,Moura,24KD,,,Moura,MGolf,12.0
344,2025-06-06,,,155000.0,Transferencia,Moura,22ED,,,Moura,MPolo2019nafta,12.0
345,2025-06-07,,,155000.0,Transferencia,Moura,20GD,,,Moura,MEcosport2013Nafta,12.0
346,2025-06-07,,,155000.0,Efectivo,Moura,20GD,,,Moura,MEcosport2016,12.0
347,2025-06-07,,,155000.0,Transferencia,Moura,22GD,,,Moura,MPeugeot207,12.0
348,2025-06-07,,,155000.0,Transferencia,Moura,40Fd,,,Moura,MVolkswagenUp,12.0
349,2025-06-10,,,155000.0,Efectivo,Moura,20GD,,,Moura,MFocus2020,12.0
350,2025-06-10,,,155000.0,Transferencia,Moura,22GD,,,Moura,MChevroletEquinox2020Nafta,12.0
351,2025-06-10,,,155000.0,Transferencia,Moura,22GD,,,Moura,MCorsaClassic,12.0
352,2025-06-11,,,155000.0,Transferencia,Moura,22JD,,,Moura,MHondaCivic2010Nafta,12.0
353,2025-06-12,,,155000.0,Transferencia,Moura,20GD,,,Moura,MChevroletCaptiva2016Nafta,12.0
354,2025-06-12,,,155000.0,Transferencia,Moura,20GD,,,Moura,MFiatFiorino2013,12.0
355,2025-06-12,,,155000.0,Transferencia,Moura,20GD,,,Moura,MVWFox2015,12.0
356,2025-06-15,,,155000.0,Transferencia,Moura,20GD,,,Moura,MCitroenBerlingo,12.0
357,2025-06-15,,,155000.0,Transferencia,Moura,22GD,,,Moura,MFordFiestaNuevo,12.0
358,2025-06-15,,,155000.0,Efectivo,Moura,30LD,,,Moura,MBmw320,12.0
359,2025-06-16,,,155000.0,Efectivo,Moura,20GD,,,Moura,MEscortNafta2002,12.0
360,2025-06-16,,,155000.0,Transferencia,Moura,20GD,,,Moura,MRenaultFluence2018,12.0
361,2025-07-12,,,155000.0,Transferencia,Moura,22ED,,,Moura,MToyotaEtios2019Nafta,12.0
362,2025-07-12,,,155000.0,Transferencia,Moura,22GD,,,Moura,MGolTrend2016Nafta,12.0
363,2025-07-13,,,155000.0,Efectivo,Moura,20GD,,,Moura,MClio2025?,12.0
364,2025-07-13,,,155000.0,Transferencia,Moura,22GD,,,Moura,MVWSaveiro2014,12.0
365,2025-07-14,,,155000.0,Transferencia,Moura,22JD,,,Moura,MCrv2012,12.0
366,2025-07-15,,,155000.0,Efectivo,Moura,22GD,,,Moura,MCitroenBerlingo2016,12.0
367,2025-07-17,,,155000.0,Transferencia,Moura,20,,,Moura,MFiatPalio,12.0
368,2025-07-17,,,155000.0,Transferencia,Moura,20GD,,,Moura,MPeugeot207,12.0
369,2025-07-17,,,155000.0,Transferencia,Moura,22ED,,,Moura,MToyotaCorolla,12.0
370,2025-07-17,,,155000.0,Transferencia,Moura,22GD,,,Moura,MRenaultLogan,12.0
371,2025-07-17,,,155000.0,Efectivo,Moura,30LD,,,Moura,MFordRanger2000,12.0
372,2025-07-19,,,155000.0,Transferencia,Moura,30LD,,,Moura,MMazdaCx9,12.0
373,2025-07-20,,,155000.0,Transferencia,Moura,22GD,,,Moura,MCronos2020,12.0
374,2025-07-20,,,155000.0,Transferencia,Moura,30LD,,,Moura,MFordRanger2020Gasoil,12.0
375,2025-07-21,,,155000.0,Transferencia,Moura,20GD,,,Moura,MPeugeot208Nafta,12.0
376,2025-07-21,,,155000.0,Transferencia,Moura,20GD,,,Moura,MSubaruXV2015Nafta,12.0
377,2025-07-21,,,155000.0,Efectivo,Moura,20GD,,,Moura,MToyotaCorolla2015Nafta,12.0
378,2025-07-21,,,155000.0,Transferencia,Moura,30LD,,,Moura,MCitroenC4,12.0
379,2025-07-21,,,155000.0,Transferencia,Moura,40Fd,,,Moura,MChevroletOnixLtz2019Nafta,12.0
380,2025-03-05,,,130000.0,Transferencia,Fiat,Cronos,,,Sermat,M65,12.0
381,2025-03-11,,,130000.0,Transferencia,sin,instalación,,,Sermat,M65,12.0
382,2025-03-13,,,130000.0,Efectivo,Peugeot,208,,,Sermat,M65,12.0
383,2025-03-15,,,130000.0,Efectivo,Desconocido,,,,Sermat,M55,12.0
384,2025-03-17,,,130000.0,Efectivo,Ranger,,,,Sermat,M85,12.0
385,2025-03-19,,,130000.0,Efectivo,Partner,diesel,,,Sermat,M75,12.0
386,2025-03-19,,,130000.0,Transferencia,Toyota,Etios,,,Sermat,M45,12.0
387,2025-03-20,,,130000.0,Transferencia,Renault,master,,,Sermat,M,12.0
388,2025-03-22,,,130000.0,Transferencia,Desconocido,,,,Sermat,M65,12.0
389,2025-03-24,,,130000.0,Transferencia,Sermat,75,,,Sermat,MPeugeot307,12.0
390,2025-03-27,,,130000.0,Transferencia,Sermat,55,,,Sermat,MVirtus,12.0
391,2025-03-29,,,130000.0,Transferencia,Sermat,65,,,Sermat,MKangoonafta,12.0
392,2025-03-31,,,130000.0,Efectivo,Sermat,45,,,Sermat,MEcosport2008,12.0
393,2025-03-31,,,130000.0,Efectivo,Sermat,65,,,Sermat,MFiatSiena,12.0
394,2025-04-01,,,130000.0,Transferencia,Sermat,,,,Sermat,MFiestaKinetic,12.0
395,2025-04-06,,,130000.0,Efectivo,Sermat,65,,,Sermat,MAgile,12.0
396,2025-04-07,,,130000.0,Efectivo,Sermat,75B,,,Sermat,MPasatCC,12.0
397,2025-04-09,,,130000.0,Transferencia,Sermat,65,,,Sermat,MPalio,12.0
398,2025-04-12,,,130000.0,Efectivo,Sermat,65,,,Sermat,MCronos,12.0
399,2025-04-13,,,130000.0,Transferencia,Sermat,45,,,Sermat,MChevroletSpinManual,12.0
400,2025-04-13,,,130000.0,Efectivo,Sermat,65,,,Sermat,MFiatArgo,12.0
401,2025-04-14,,,130000.0,Efectivo,Sermat,65,,,Sermat,MPeugeot208,12.0
402,2025-04-14,,,130000.0,Transferencia,Sermat,65,,,Sermat,MPeugeot208,12.0
403,2025-04-16,,,130000.0,Efectivo,Sermat,,,,Sermat,MChevroletSpin,12.0
404,2025-04-16,,,130000.0,Transferencia,Sermat,65,,,Sermat,MKangoonafta,12.0
405,2025-04-16,,,130000.0,Transferencia,Sermat,65,,,Sermat,MKangooStepaway,12.0
406,2025-04-16,,,130000.0,Transferencia,Sermat,65,,,Sermat,MVolkswagenSuran,12.0
407,2025-04-18,,,130000.0,Transferencia,Sermat,65,,,Sermat,MCitroenC4,12.0
408,2025-04-18,,,130000.0,Transferencia,Sermat,75,,,Sermat,MRanger,12.0
409,2025-04-19,,,130000.0,Efectivo,Sermat,65,,,Sermat,MGol1.6,12.0
410,2025-04-21,,,130000.0,Transferencia,Sermat,,,,Sermat,MRenault12,12.0
411,2025-04-26,,,130000.0,Efectivo,Sermat,75,,,Sermat,MJeepRenegade,12.0
412,2025-04-27,,,130000.0,Transferencia,Sermat,22GD,,,Sermat,MPartnerGNC,12.0
413,2025-04-28,,,130000.0,Efectivo,Sermat,22GD,,,Sermat,MPeugeot208,12.0
414,2025-04-30,,,130000.0,Desconocido,Sermat,55,,,Sermat,MOnixLTZ,12.0
415,2025-05-05,,,130000.0,Transferencia,Sermat,55,,,Sermat,MPeugeot2008,12.0
416,2025-05-05,,,130000.0,Efectivo,Sermat,90B,,,Sermat,MToyotaHilux,12.0
417,2025-05-07,,,130000.0,Efectivo,Sermat,65REF,,,Sermat,MSuran,12.0
418,2025-05-07,,,130000.0,Efectivo,Sermat,90B,,,Sermat,M90B,12.0
419,2025-05-09,,,130000.0,Transferencia,Sermat,70,,,Sermat,MPeugeot206,12.0
420,2025-05-09,,,130000.0,Transferencia,Sermat,70,,,Sermat,MVento,12.0
421,2025-05-16,,,130000.0,Efectivo,Sermat,65,,,Sermat,MCorsaClassic,12.0
422,2025-05-18,,,130000.0,Transferencia,Sermat,90,,,Sermat,MAmarokv6,12.0
423,2025-05-19,,,130000.0,Efectivo,Sermat,40Fd,,,Sermat,MChevroletSpinManual,12.0
424,2025-05-20,,,130000.0,Transferencia,Sermat,70,,,Sermat,MChevroletPrismaJoy,12.0
425,2025-05-21,,,130000.0,Transferencia,Sermat,90B,,,Sermat,MFordRanger,12.0
426,2025-05-22,,,130000.0,Efectivo,Sermat,26,,,Sermat,MPeugeotPartner,12.0
427,2025-05-24,,,130000.0,Efectivo,Sermat,20GD,,,Sermat,MPeugeot2072010,12.0
428,2025-05-24,,,130000.0,Transferencia,Sermat,20GD,,,Sermat,MRenaultSandero2013,12.0
429,2025-05-25,,,130000.0,Transferencia,Sermat,90B,,,Sermat,MGolf2020,12.0
430,2025-05-26,,,130000.0,Efectivo,Sermat,12x70,,,Sermat,MTorino,12.0
431,2025-05-26,,,130000.0,Efectivo,Sermat,55,,,Sermat,MChevroletPrisma,12.0
432,2025-05-28,,,130000.0,Transferencia,Sermat,26AD,,,Sermat,MFiatCronos2022GNC,12.0
433,2025-05-31,,,130000.0,Transferencia,Sermat,40Fd,,,Sermat,MRenaultTwingo2000,12.0
434,2025-06-01,,,130000.0,Efectivo,Sermat,20GD,,,Sermat,MGolPower,12.0
435,2025-06-02,,,130000.0,Transferencia,Sermat,65,,,Sermat,MClio,12.0
436,2025-06-02,,,130000.0,Efectivo,Sermat,65,,,Sermat,MNissanKicks,12.0
437,2025-06-02,,,130000.0,Transferencia,Sermat,70,,,Sermat,MChevroletClassic,12.0
438,2025-06-04,,,130000.0,Efectivo,Sermat,65,,,Sermat,MMeganeiinafta,12.0
439,2025-06-05,,,130000.0,Transferencia,Sermat,65,,,Sermat,MEtios2017,12.0
440,2025-06-07,,,130000.0,Transferencia,Sermat,22GD,,,Sermat,MPalioGNC,12.0
441,2025-06-07,,,130000.0,Efectivo,Sermat,75B,,,Sermat,MRover1997Diesel,12.0
442,2025-06-07,,,130000.0,Transferencia,Sermat,90B,,,Sermat,MVolkswagenAmarok2013Diesel,12.0
443,2025-06-08,,,130000.0,Transferencia,Sermat,55,,,Sermat,MSuran2018Nafta,12.0
444,2025-06-09,,,130000.0,Efectivo,Sermat,65,,,Sermat,MPeugeotExpert,12.0
445,2025-06-10,,,130000.0,Transferencia,Sermat,75,,,Sermat,MTracker2020,12.0
446,2025-06-14,,,130000.0,Transferencia,Sermat,22GD,,,Sermat,M,12.0
447,2025-07-13,,,130000.0,Transferencia,Sermat,70,,,Sermat,MVento2011,12.0
448,2025-07-15,,,130000.0,Transferencia,Sermat,65,,,Sermat,MFiatUno2003,12.0
449,2025-07-15,,,130000.0,Efectivo,Sermat,70,,,Sermat,MEcosport2011,12.0
450,2025-07-18,,,130000.0,Efectivo,Sermat,70,,,Sermat,MCitroenC42009,12.0
451,2025-02-08,,,160000.0,Transferencia,Chevrolet,Celta,,,Willard,M620,12.0
452,2025-02-08,,,160000.0,Transferencia,Peugeot,208,,,Willard,M620,12.0
453,2025-02-08,,,160000.0,Transferencia,Renault,Sandero,,,Willard,M730,12.0
454,2025-02-08,,,160000.0,Transferencia,Toyota,Corolla,,,Willard,M670,12.0
455,2025-02-09,,,160000.0,Transferencia,Desconocido,,,,Willard,M930,12.0
456,2025-02-10,,,160000.0,Transferencia,Ford,Ka,,,Willard,M620,12.0
457,2025-02-10,,,160000.0,Transferencia,Peugeot,208,,,Willard,M730,12.0
458,2025-02-10,,,160000.0,Transferencia,Renault,Kwid,,,Willard,M450,12.0
459,2025-02-11,,,160000.0,Transferencia,Toyota,Corolla,,,Willard,M670,12.0
460,2025-02-13,,,160000.0,Efectivo,Polo,viejo,,,Willard,M620,12.0
461,2025-02-13,,,160000.0,Transferencia,Toyota,SW4,,,Willard,M740,12.0
462,2025-02-14,,,160000.0,Transferencia,Honda,Accord,,,Willard,M620,12.0
463,2025-02-14,,,160000.0,Transferencia,Peugeot,208,,,Willard,M620,12.0
464,2025-02-14,,,160000.0,Transferencia,Volkswagen,Suran,,,Willard,M620,12.0
465,2025-02-16,,,160000.0,Efectivo,Honda,City,,,Willard,M325,12.0
466,2025-02-16,,,160000.0,Efectivo,Koleos,2013,,,Willard,M730,12.0
467,2025-02-16,,,160000.0,Efectivo,Peugeot,208,,,Willard,M730,12.0
468,2025-02-18,,,160000.0,Transferencia,Chevrolet,Agile,,,Willard,M730,12.0
469,2025-02-18,,,160000.0,Transferencia,Jeep,Renegade,,,Willard,M840,12.0
470,2025-02-18,,,160000.0,Transferencia,Saveiro,Nafta,,,Willard,M65,12.0
471,2025-02-18,,,160000.0,Efectivo,Toyota,Etios,,,Willard,M670,12.0
472,2025-02-19,,,160000.0,Transferencia,Chevrolet,Onix,,,Willard,M75,12.0
473,2025-02-20,,,160000.0,Transferencia,Jeep,Compass,,,Willard,M840,12.0
474,2025-02-20,,,160000.0,Transferencia,Toyota,Corolla,,,Willard,M670,12.0
475,2025-02-22,,,160000.0,Transferencia,Honda,Fit,,,Willard,M325,12.0
476,2025-02-23,,,160000.0,Efectivo,Desconocido,,,,Willard,M425,12.0
477,2025-02-24,,,160000.0,Efectivo,Tracker,,,,Willard,M730,12.0
478,2025-02-26,,,160000.0,Transferencia,Hyundai,Tucson,,,Willard,M930,12.0
479,2025-02-26,,,160000.0,Transferencia,Kangoo,diesel,,,Willard,M730,12.0
480,2025-02-26,,,160000.0,Transferencia,Peugeot,208,,,Willard,M730,12.0
481,2025-02-28,,,160000.0,Desconocido,Chevrolet,Onix,,,Willard,M670,12.0
482,2025-03-01,,,160000.0,Transferencia,Ford,Focus,,,Willard,M620,12.0
483,2025-03-01,,,160000.0,Transferencia,Peugeot,208,,,Willard,M620,12.0
484,2025-03-02,,,160000.0,Transferencia,Chevrolet,Onix,,,Willard,M670,12.0
485,2025-03-04,,,160000.0,Transferencia,Fiat,,,,Willard,M620,12.0
486,2025-03-04,,,160000.0,Transferencia,Fiat,600,,,Willard,M450,12.0
487,2025-03-04,,,160000.0,Transferencia,Fiat,Argo,,,Willard,M620,12.0
488,2025-03-04,,,160000.0,Transferencia,Honda,Crv,,,Willard,M425,12.0
489,2025-03-05,,,160000.0,Transferencia,Ford,Ka,,,Willard,M670,12.0
490,2025-03-08,,,160000.0,Efectivo,Polo,,,,Willard,M450,12.0
491,2025-03-09,,,160000.0,Transferencia,Volkswagen,Cross,,,Willard,M670,12.0
492,2025-03-09,,,160000.0,Efectivo,Volkswagen,Gol,,,Willard,M620,12.0
493,2025-03-10,,,160000.0,Transferencia,Ford,Focus,,,Willard,M620,12.0
494,2025-03-10,,,160000.0,Transferencia,Honda,Hrv,,,Willard,M425,12.0
495,2025-03-12,,,160000.0,Efectivo,F150,,,,Willard,M840,12.0
496,2025-03-15,,,160000.0,Transferencia,Peugeot,208,,,Willard,M620,12.0
497,2025-03-18,,,160000.0,Transferencia,Honda,Hrv,,,Willard,M425,12.0
498,2025-03-18,,,160000.0,Transferencia,Renault,Duster,,,Willard,M620,12.0
499,2025-03-18,,,160000.0,Transferencia,Volkswagen,Gol,,,Willard,M620,12.0
500,2025-03-19,,,160000.0,Transferencia,Citroen,,,,Willard,M730,12.0
501,2025-03-19,,,160000.0,Transferencia,Renault,Sandero,,,Willard,M730,12.0
502,2025-03-21,,,160000.0,Transferencia,Ford,Ecosport,,,Willard,M620,12.0
503,2025-03-21,,,160000.0,Efectivo,Mercedes,Benz,,,Willard,M670,12.0
504,2025-03-21,,,160000.0,Efectivo,Volkswagen,Amarok,,,Willard,M840,12.0
505,2025-03-22,,,160000.0,Transferencia,Willard,425,,,Willard,MHondaHrv,12.0
506,2025-03-23,,,160000.0,Transferencia,Willard,,,,Willard,MNissantiida,12.0
507,2025-03-23,,,160000.0,Transferencia,Willard,730,,,Willard,MTaos2022,12.0
508,2025-03-24,,,160000.0,Efectivo,Willard,325,,,Willard,MDaewooTico,12.0
509,2025-03-24,,,160000.0,Efectivo,Willard,730,,,Willard,MCitroenC4,12.0
510,2025-03-24,,,160000.0,Transferencia,Willard,840,,,Willard,MChevroletCruze2018,12.0
511,2025-03-25,,,160000.0,Efectivo,Willard,730,,,Willard,Mf,12.0
512,2025-03-28,,,160000.0,Transferencia,Willard,670,,,Willard,MCorollaXei,12.0
513,2025-03-29,,,160000.0,Transferencia,Willard,670,,,Willard,MChevroletCobalt,12.0
514,2025-03-30,,,160000.0,Transferencia,Willard,840,,,Willard,MChevroletTrailblazerS10,12.0
515,2025-03-31,,,160000.0,Transferencia,Willard,740,,,Willard,MDuster2016,12.0
516,2025-04-01,,,160000.0,Transferencia,Willard,620,,,Willard,MFiatCubo,12.0
517,2025-04-02,,,160000.0,Transferencia,Willard,450,,,Willard,MHrv,12.0
518,2025-04-03,,,160000.0,Efectivo,Willard,730,,,Willard,MCerato,12.0
519,2025-04-04,,,160000.0,Transferencia,Willard,1030,,,Willard,MPeugeotBoxer,12.0
520,2025-04-04,,,160000.0,Transferencia,Willard,840,,,Willard,MJeepRenegade,12.0
521,2025-04-05,,,160000.0,Transferencia,Willard,730,,,Willard,MVento,12.0
522,2025-04-06,,,160000.0,Efectivo,Willard,840,,,Willard,MRenegade,12.0
523,2025-04-09,,,160000.0,Desconocido,Willard,425,,,Willard,MHonda,12.0
524,2025-04-10,,,160000.0,Efectivo,Willard,730,,,Willard,MTracker,12.0
525,2025-04-11,,,160000.0,Efectivo,Willard,840,,,Willard,MGolf,12.0
526,2025-04-12,,,160000.0,Transferencia,Willard,740,,,Willard,M????,12.0
527,2025-04-13,,,160000.0,Transferencia,Willard,425,,,Willard,MHondaFit,12.0
528,2025-04-14,,,160000.0,Efectivo,Willard,670,,,Willard,MNissanMarch,12.0
529,2025-04-15,,,160000.0,Efectivo,Willard,620,,,Willard,MGoltrend,12.0
530,2025-04-15,,,160000.0,Transferencia,Willard,620,,,Willard,MGoltrend,12.0
531,2025-04-16,,,160000.0,Transferencia,Willard,670,,,Willard,MEtios,12.0
532,2025-04-16,,,160000.0,Efectivo,Willard,730,,,Willard,MJaguar,12.0
533,2025-04-16,,,160000.0,Efectivo,Willard,o,,,Willard,MToyotaEtios,12.0
534,2025-04-17,,,160000.0,Transferencia,Willard,840,,,Willard,MToyotaHiace2024,12.0
535,2025-04-18,,,160000.0,Transferencia,Willard,620,,,Willard,MCitroenpicasso,12.0
536,2025-04-20,,,160000.0,Efectivo,Willard,620,,,Willard,MChevroletEquinox,12.0
537,2025-04-23,,,160000.0,Efectivo,Willard,325,,,Willard,MKia,12.0
538,2025-04-25,,,160000.0,Efectivo,Willard,450,,,Willard,Mbote,12.0
539,2025-04-25,,,160000.0,Transferencia,Willard,620,,,Willard,MPeugeot208,12.0
540,2025-04-25,,,160000.0,Efectivo,Willard,730,,,Willard,Mbote,12.0
541,2025-04-28,,,160000.0,Efectivo,Willard,840,,,Willard,MAudia1,12.0
542,2025-05-04,,,160000.0,Transferencia,Willard,620,,,Willard,MRenault6,12.0
543,2025-05-05,,,160000.0,Efectivo,Willard,730,,,Willard,MNissanKicks2020,12.0
544,2025-05-06,,,160000.0,Efectivo,Willard,730,,,Willard,MPeugeot308,12.0
545,2025-05-07,,,160000.0,Efectivo,Willard,620,,,Willard,MCitroenDS4,12.0
546,2025-05-08,,,160000.0,Efectivo,Willard,620,,,Willard,MSuran2010,12.0
547,2025-05-08,,,160000.0,Transferencia,Willard,840,,,Willard,MHyundaiTiburonCoupe,12.0
548,2025-05-09,,,160000.0,Transferencia,Willard,670,,,Willard,MEtios,12.0
549,2025-05-10,,,160000.0,Efectivo,Willard,620,,,Willard,MEcosport2018,12.0
550,2025-05-11,,,160000.0,Efectivo,Willard,425,,,Willard,MSuzukiSwift,12.0
551,2025-05-11,,,160000.0,Efectivo,Willard,730,,,Willard,MPeugeot208,12.0
552,2025-05-13,,,160000.0,Transferencia,Willard,730,,,Willard,MPeugeot308,12.0
553,2025-05-14,,,160000.0,Transferencia,Willard,670,,,Willard,MEtios,12.0
554,2025-05-15,,,160000.0,Efectivo,Willard,425,,,Willard,MHondaCivic92,12.0
555,2025-05-15,,,160000.0,Efectivo,Willard,740,,,Willard,MFordTaunus,12.0
556,2025-05-16,,,160000.0,Transferencia,Willard,620,,,Willard,MPeugeot207,12.0
557,2025-05-17,,,160000.0,Efectivo,Willard,730,,,Willard,MVolkswagenCross2011,12.0
558,2025-05-18,,,160000.0,Transferencia,Willard,730,,,Willard,MPeugeot5008,12.0
559,2025-05-18,,,160000.0,Efectivo,Willard,840,,,Willard,MChevroletCruize,12.0
560,2025-05-21,,,160000.0,Efectivo,Willard,620,,,Willard,MCapture,12.0
561,2025-05-21,,,160000.0,Efectivo,Willard,730,,,Willard,MChevroletSpinAutomatica,12.0
562,2025-05-21,,,160000.0,Transferencia,Willard,730,,,Willard,MEcosport2016,12.0
563,2025-05-22,,,160000.0,Transferencia,Willard,730,,,Willard,MNissankicks2022,12.0
564,2025-05-22,,,160000.0,Efectivo,Willard,840,,,Willard,MJeepRenegade2018,12.0
565,2025-05-24,,,160000.0,Efectivo,Willard,450,,,Willard,MFordFiesta2007,12.0
566,2025-05-24,,,160000.0,Efectivo,Willard,620,,,Willard,MFiatCronos,12.0
567,2025-05-24,,,160000.0,Transferencia,Willard,670,,,Willard,MPolo2017,12.0
568,2025-05-24,,,160000.0,Efectivo,Willard,730,,,Willard,MVolkswagenBora,12.0
569,2025-05-25,,,160000.0,Transferencia,Willard,620,,,Willard,MFiatPunto2013,12.0
570,2025-05-26,,,160000.0,Efectivo,Willard,620,,,Willard,MCorolla,12.0
571,2025-05-27,,,160000.0,Transferencia,Willard,730,,,Willard,MVolkwagenVento,12.0
572,2025-05-27,,,160000.0,Transferencia,Willard,840,,,Willard,MRangeRover,12.0
573,2025-05-28,,,160000.0,Efectivo,Wilard,620,,,Willard,MLogan,12.0
574,2025-05-31,,,160000.0,Efectivo,Willard,1030,,,Willard,MMercedesBenzSprinter2000,12.0
575,2025-05-31,,,160000.0,Transferencia,Willard,620,,,Willard,MCorsa,12.0
576,2025-06-01,,,160000.0,Transferencia,Willard,840,,,Willard,MMercedesBenz200C,12.0
577,2025-06-02,,,160000.0,Efectivo,Wilard,425,,,Willard,MHondaCrv2017,12.0
578,2025-06-04,,,160000.0,Efectivo,Willard,740,,,Willard,MJeepRenegade,12.0
579,2025-06-05,,,160000.0,Transferencia,Willard,840,,,Willard,MCommander,12.0
580,2025-06-06,,,160000.0,Transferencia,Willard,620,,,Willard,MFox,12.0
581,2025-06-06,,,160000.0,Efectivo,Willard,620,,,Willard,MPeugeot207,12.0
582,2025-06-06,,,160000.0,Transferencia,Willard,730,,,Willard,MPeugeot408,12.0
583,2025-06-07,,,160000.0,Efectivo,Willard,425,,,Willard,MHondaHrv,12.0
584,2025-06-07,,,160000.0,Efectivo,Willard,620,,,Willard,MClio,12.0
585,2025-06-07,,,160000.0,Transferencia,Willard,670,,,Willard,MChevroletJoy2020,12.0
586,2025-06-07,,,160000.0,Efectivo,Willard,730,,,Willard,MRenaultKoleos2011,12.0
587,2025-06-08,,,160000.0,Efectivo,Willard,620,,,Willard,MC32007Nafta,12.0
588,2025-06-09,,,160000.0,Transferencia,Willard,325,,,Willard,MHondaFit,12.0
589,2025-06-09,,,160000.0,Efectivo,Willard,670,,,Willard,MToyotaCorolla,12.0
590,2025-06-10,,,160000.0,Transferencia,Willard,620,,,Willard,MSuran2015,12.0
591,2025-06-15,,,160000.0,Efectivo,Willard,840,,,Willard,MChevroletCruize,12.0
592,2025-06-17,,,160000.0,Transferencia,Willard,670,,,Willard,MToyotaCorolla,12.0
593,2025-07-12,,,160000.0,Transferencia,Willard,325,,,Willard,MHondaFit2007Nafta,12.0
594,2025-07-12,,,160000.0,Transferencia,Willard,620,,,Willard,MFordKa2017Nafta,12.0
595,2025-07-12,,,160000.0,Transferencia,Willard,730,,,Willard,MToyotaSw42013Nafta,12.0
596,2025-07-13,,,160000.0,Transferencia,Willard,425,,,Willard,MHondaHrv,12.0
597,2025-07-13,,,160000.0,Efectivo,Willard,730,,,Willard,MVWScirocco2019,12.0
598,2025-07-14,,,160000.0,Transferencia,Willard,620,,,Willard,MNissanKicks2019,12.0
599,2025-07-18,,,160000.0,Transferencia,Willard,620,,,Willard,MCheryTiggo2020,12.0
600,2025-07-19,,,160000.0,Transferencia,Willard,840,,,Willard,MHyundai2011,12.0
601,2025-07-20,,,160000.0,Transferencia,Willard,670,,,Willard,MChevroletCobaltGnc2018,12.0
